Workbook

Sheet Inputs
A1: Metric | B1: Period | C1: Actual | D1: Target | E1: Variance | F1: Variance percent | G1: Source
E2: =IF(OR(C2="",D2=""),"",C2-D2) | F2: =IF(OR(C2="",D2="",D2=0),"",E2/D2)
E3: =IF(OR(C3="",D3=""),"",C3-D3) | F3: =IF(OR(C3="",D3="",D3=0),"",E3/D3)
E4: =IF(OR(C4="",D4=""),"",C4-D4) | F4: =IF(OR(C4="",D4="",D4=0),"",E4/D4)
E5: =IF(OR(C5="",D5=""),"",C5-D5) | F5: =IF(OR(C5="",D5="",D5=0),"",E5/D5)
E6: =IF(OR(C6="",D6=""),"",C6-D6) | F6: =IF(OR(C6="",D6="",D6=0),"",E6/D6)
E7: =IF(OR(C7="",D7=""),"",C7-D7) | F7: =IF(OR(C7="",D7="",D7=0),"",E7/D7)
E8: =IF(OR(C8="",D8=""),"",C8-D8) | F8: =IF(OR(C8="",D8="",D8=0),"",E8/D8)
E9: =IF(OR(C9="",D9=""),"",C9-D9) | F9: =IF(OR(C9="",D9="",D9=0),"",E9/D9)
E10: =IF(OR(C10="",D10=""),"",C10-D10) | F10: =IF(OR(C10="",D10="",D10=0),"",E10/D10)
E11: =IF(OR(C11="",D11=""),"",C11-D11) | F11: =IF(OR(C11="",D11="",D11=0),"",E11/D11)

Sheet Summary
A1: Metric | B1: Actual | C1: Target | D1: Variance
A2: =IF(Inputs!A2="","",Inputs!A2) | B2: =IF(Inputs!A2="","",Inputs!C2) | C2: =IF(Inputs!A2="","",Inputs!D2) | D2: =IF(Inputs!A2="","",Inputs!E2)
A3: =IF(Inputs!A3="","",Inputs!A3) | B3: =IF(Inputs!A3="","",Inputs!C3) | C3: =IF(Inputs!A3="","",Inputs!D3) | D3: =IF(Inputs!A3="","",Inputs!E3)
A4: =IF(Inputs!A4="","",Inputs!A4) | B4: =IF(Inputs!A4="","",Inputs!C4) | C4: =IF(Inputs!A4="","",Inputs!D4) | D4: =IF(Inputs!A4="","",Inputs!E4)
A5: =IF(Inputs!A5="","",Inputs!A5) | B5: =IF(Inputs!A5="","",Inputs!C5) | C5: =IF(Inputs!A5="","",Inputs!D5) | D5: =IF(Inputs!A5="","",Inputs!E5)
A6: =IF(Inputs!A6="","",Inputs!A6) | B6: =IF(Inputs!A6="","",Inputs!C6) | C6: =IF(Inputs!A6="","",Inputs!D6) | D6: =IF(Inputs!A6="","",Inputs!E6)
A7: =IF(Inputs!A7="","",Inputs!A7) | B7: =IF(Inputs!A7="","",Inputs!C7) | C7: =IF(Inputs!A7="","",Inputs!D7) | D7: =IF(Inputs!A7="","",Inputs!E7)
A8: =IF(Inputs!A8="","",Inputs!A8) | B8: =IF(Inputs!A8="","",Inputs!C8) | C8: =IF(Inputs!A8="","",Inputs!D8) | D8: =IF(Inputs!A8="","",Inputs!E8)
A9: =IF(Inputs!A9="","",Inputs!A9) | B9: =IF(Inputs!A9="","",Inputs!C9) | C9: =IF(Inputs!A9="","",Inputs!D9) | D9: =IF(Inputs!A9="","",Inputs!E9)
A10: =IF(Inputs!A10="","",Inputs!A10) | B10: =IF(Inputs!A10="","",Inputs!C10) | C10: =IF(Inputs!A10="","",Inputs!D10) | D10: =IF(Inputs!A10="","",Inputs!E10)
A11: =IF(Inputs!A11="","",Inputs!A11) | B11: =IF(Inputs!A11="","",Inputs!C11) | C11: =IF(Inputs!A11="","",Inputs!D11) | D11: =IF(Inputs!A11="","",Inputs!E11)
